final_temp,baseline,model,specification,scenario,vlow,low,midl,med,midh,high,vhigh
1.35450514705883,Contemp,IIS,standard,Hundred,0.3704938860312545,0.42199791390106445,0.6032084786541182,0.7626668649148405,0.9671147628887317,1.2422329520711577,1.4421931556875884
1.44075669934652,Contemp,IIS,standard,Hundred,0.357200326134511,0.40819131556396443,0.5891706194841064,0.7505205887178729,0.9645415484461204,1.2604274502663333,1.4719870475930188
1.49094369281044,Contemp,IIS,standard,Hundred,0.34959344566435396,0.40028130804540124,0.5810930914344705,0.743496644428081,0.9629897531085754,1.270981476266417,1.4894711740959299
1.61894668300656,Contemp,IIS,standard,Hundred,0.33061901326515974,0.3805183992688928,0.5607931370352259,0.7257270963767736,0.9588502434490814,1.2977906026825616,1.534557873593329
1.63705647058816,Contemp,IIS,standard,Hundred,0.3279840673184301,0.37777012003213295,0.5579561411315029,0.7232299125521533,0.9582435178732692,1.3015708806103434,1.5409939140142095
1.65279160130725,Contemp,IIS,standard,Hundred,0.3257046019045097,0.37539182395414167,0.5554981981840253,0.7210635629975622,0.9577121089226572,1.3048529190300169,1.5465975370898974
1.66943627450985,Contemp,IIS,standard,Hundred,0.3233034672966198,0.3728857833697791,0.5529053128595685,0.718775421533431,0.9571456912091829,1.30832209121582,1.552536718710563
1.67930245098057,Contemp,IIS,standard,Hundred,0.3218850855743721,0.37140504237508354,0.5513718354887005,0.7174207840441077,0.9568078627685858,1.3103772011361654,1.5560628394042455
1.69674988562072,Contemp,IIS,standard,Hundred,0.3193857297232162,0.36879508923354287,0.5486663291803849,0.7150282640986896,0.9562066492339107,1.3140091955779298,1.562308764498706
1.7367105228759,Contemp,IIS,standard,Hundred,0.3137042981016451,0.3628588084008872,0.5425001571476638,0.7095631699662682,0.9548113958653626,1.3223167372309783,1.5766636764603106
1.77993259803935,Contemp,IIS,standard,Hundred,0.3076264889155838,0.35650293144274037,0.535878321499019,0.7036749183358287,0.9532736381689052,1.331285105716802,1.5922679038010767
1.80426348039221,Contemp,IIS,standard,Hundred,0.3042359002456189,0.35295470512618526,0.532172468898744,0.7003707223599152,0.9523949046386112,1.3363257796538865,1.6010874786177636
1.80886928104581,Contemp,IIS,standard,Hundred,0.30359656223732506,0.3522854368801431,0.5314727207546753,0.6997460911266086,0.9522275004014411,1.3372793341718379,1.60275989237946
1.81690638888892,Contemp,IIS,standard,Hundred,0.30248282200845367,0.3511194001206103,0.530253007598397,0.6986567582924437,0.951934571405842,1.338942797629455,1.6056804457821103
1.81733524509808,Contemp,IIS,standard,Hundred,0.3024234613470719,0.35105724649900066,0.5301879723552911,0.698598655124382,0.9519189119450564,1.339031541866695,1.605836363592379
1.81761383986924,Contemp,IIS,standard,Hundred,0.3023849029984394,0.3510168736471345,0.5301457265877803,0.6985609112361139,0.9519087376328935,1.3390891912034393,1.6059376556173595
1.83154187908499,Contemp,IIS,standard,Hundred,0.3004609257281251,0.34900204916768307,0.52803631538231,0.6966752064285002,0.9513985084773162,1.3419703595854207,1.6110059164314863
1.83705650326795,Contemp,IIS,standard,Hundred,0.29970115978868717,0.3482062413386061,0.5272025411272868,0.6959292687914732,0.9511956361795688,1.3431106073185695,1.613014945507779
1.83789345540248,Contemp,IIS,standard,Hundred,0.29958594997682664,0.34808555788843454,0.5270760699428211,0.6958160919922607,0.9511648040083363,1.3432836367884604,1.6133199699009608
1.8472899183006,Contemp,IIS,standard,Hundred,0.29829428972190775,0.3467323803985694,0.525657450734899,0.6945460679067145,0.9508178854865365,1.3452257787960549,1.6167465578995628
1.84913753267965,Contemp,IIS,standard,Hundred,0.29804070122203985,0.3464666818681693,0.5253787844933842,0.6942964769331091,0.9507495059197436,1.3456075602666353,1.617420772569812
1.85800158496729,Contemp,IIS,standard,Hundred,0.2968258714469943,0.34519368954421104,0.5240431217203394,0.6930996520324781,0.9504206943616338,1.3474387278134705,1.620657414610858
1.85900071895423,Contemp,IIS,standard,Hundred,0.2966891233683949,0.34505037889775814,0.5238926995850655,0.6929648116198621,0.9503835530676468,1.3476450853226667,1.6210224539035818
1.85990334967331,Contemp,IIS,standard,Hundred,0.29656561550641186,0.34492094117127553,0.5237568289844154,0.6928430059520281,0.9503499854676981,1.3478315031830934,1.62135227228572
1.86171648692819,Contemp,IIS,standard,Hundred,0.2963176143256565,0.34466102520845354,0.5234839674439152,0.6925983631528199,0.950282518167562,1.3482059419132288,1.6220148932928626
1.86463863192046,Contemp,IIS,standard,Hundred,0.295918181993359,0.3442423810934713,0.5230443929724502,0.6922041723393769,0.9501736742234119,1.3488093403639407,1.623083106414191
1.87386691238947,Contemp,IIS,standard,Hundred,0.29465885414929727,0.3429223060433361,0.5216576791271565,0.6909600116308898,0.9498290467364884,1.3507143664084709,1.6264590009238638
1.87388522875826,Contemp,IIS,standard,Hundred,0.2946563577959934,0.3429196890045282,0.521654929007943,0.6909575432881837,0.9498283613683345,1.3507181467097988,1.6264657050889002
1.87719851307179,Contemp,IIS,standard,Hundred,0.2942049941787057,0.34244648692074275,0.5211576006159284,0.6905111101323069,0.9497042958644105,1.3514019201024499,1.6276786734347595
1.87767205882343,Contemp,IIS,standard,Hundred,0.29414051734747537,0.34237888765595736,0.5210865445069199,0.6904473158156506,0.9496865497255711,1.3514996387176943,1.6278520737202848
1.88465944444429,Contemp,IIS,standard,Hundred,0.293190108150196,0.34138237044223935,0.5200387690471602,0.6895063331030397,0.9494242821544114,1.3529412724285554,1.6304118017381963
1.88720996732039,Contemp,IIS,standard,Hundred,0.29284364699904836,0.34101906266072485,0.5196566339870018,0.6891630121242283,0.9493283560106283,1.3534673785580613,1.631346674910067
1.91407774509805,Contemp,IIS,standard,Hundred,0.28920874751859194,0.3372061652760192,0.5156416015588093,0.685551422892277,0.9483115547339505,1.359005715970639,1.6412119241190677
1.93705259803911,Contemp,IIS,standard,Hundred,0.286121957314102,0.33396639725915,0.5122234746447882,0.6824704122331041,0.9474329613406407,1.3637361134089978,1.6496725325754553
1.93846736928113,Contemp,IIS,standard,Hundred,0.28593252157981863,0.33376751807231786,0.512013446194816,0.6822809059233388,0.9473785835690536,1.3640272420135395,1.6501942753235086
1.93998625817003,Contemp,IIS,standard,Hundred,0.28572922808296164,0.3335540831506635,0.5117880200526027,0.6820774815842315,0.9473201684776931,1.364339774403552,1.6507545111526294
1.94036063725474,Contemp,IIS,standard,Hundred,0.2856791331250061,0.3335014880351093,0.511732465903032,0.6820273456155537,0.9473057645530375,1.3644168046850207,1.6508926146382294
1.96658249999991,Contemp,IIS,standard,Hundred,0.2821834935271337,0.32983026588001535,0.5078506335654278,0.6785202140131052,0.9462913468460991,1.3698087408747543,1.6605805884174247
1.97715220588239,Contemp,IIS,standard,Hundred,0.28078172618827624,0.3283574617895455,0.5062910634428308,0.6771090080642239,0.9458793511683138,1.371980302339905,1.6644940962645427
1.98424194444446,Contemp,IIS,standard,Hundred,0.27984382066264557,0.3273718234070624,0.5052466232525075,0.6761632240702711,0.9456020038926296,1.3734363003646017,1.6671218282638378
1.99284277777766,Contemp,IIS,standard,Hundred,0.27870853842251153,0.3261785438229184,0.5039813594080623,0.6750167162149794,0.945264468693759,1.3752019815758403,1.6703125478641285
2.05402178104583,Contemp,IIS,standard,Hundred,0.27071304218756065,0.3177676319108344,0.4950378654182014,0.666888606918055,0.9428295369944105,1.387741106449182,1.6931008949754989
2.120103856209,Contemp,IIS,standard,Hundred,0.26223422693428533,0.3088344507788242,0.4854889429624743,0.6581626109220776,0.9401324977060707,1.4012449146679546,1.7178973637065535
2.21402753267968,Contemp,IIS,standard,Hundred,0.25046452327260366,0.2964088383322971,0.47211583334007673,0.6458558415824038,0.9361794779754758,1.4203662165556286,1.7534659146252327
2.21480905228742,Contemp,IIS,standard,Hundred,0.25036797583958115,0.29630678342495625,0.47200553826788766,0.6457539105582204,0.9361459963508653,1.420524966821253,1.7537634732046983
2.23322009803908,Contemp,IIS,standard,Hundred,0.24810012686072713,0.293908951601918,0.4694118838403727,0.6433548675866745,0.9353544222417476,1.4242631161595238,1.7607809993852672
2.23937552287584,Contemp,IIS,standard,Hundred,0.2473447409500015,0.29311000637421425,0.4685467407833751,0.6425537501892551,0.9350885685797714,1.4255121802171944,1.7631304606441747
2.2476960784315,Contemp,IIS,standard,Hundred,0.24632590824574208,0.29203221161578596,0.4673788838114905,0.6414716115613653,0.9347282435110722,1.4272000181014166,1.7663089334033597
2.27922692810455,Contemp,IIS,standard,Hundred,0.24248855679487277,0.28797057739079057,0.46296990982189945,0.6373788311645546,0.9333527814715831,1.4335900883458275,1.7783809589172963
2.33500978758172,Contemp,IIS,standard,Hundred,0.23579089779634,0.28087285146729934,0.4552342444717516,0.6301690811440356,0.9308805965501517,1.4448717867289498,1.7998434937027743
2.35086910130735,Contemp,IIS,standard,Hundred,0.2339079980656359,0.27887544657611557,0.4530500019718522,0.6281265488226879,0.9301686961185702,1.4480737867833748,1.8059699487047671
2.35113846405218,Contemp,IIS,standard,Hundred,0.2338760992743617,0.27884160004758296,0.4530129611869534,0.6280918850538033,0.9301565702411382,1.4481281504116146,1.806074097484261
2.3545865522877,Contemp,IIS,standard,Hundred,0.2334680057289425,0.2784085650697049,0.4525389751264201,0.6276482388533198,0.930001245908073,1.4488239929855766,1.8074075737219768
2.35709545751626,Contemp,IIS,standard,Hundred,0.23317134768647968,0.2780937490351423,0.45219429024466373,0.6273255271932652,0.929888109480931,1.4493302319112082,1.8083781635934328
2.40727040849691,Contemp,IIS,standard,Hundred,0.22728805545202407,0.27184554145595363,0.44533602030647235,0.6208885240447494,0.9276044741488275,1.4594417253667402,1.8278458842568874
2.41444277777778,Contemp,IIS,standard,Hundred,0.22645475680319882,0.2709598024678436,0.44436109490587866,0.619970990289906,0.9272747596117411,1.4608851669996326,1.8306376321410294
2.45507395424834,Contemp,IIS,standard,Hundred,0.22177052256568303,0.2659771891970558,0.43886389575723295,0.6147855615506125,0.9253914740444946,1.469052910391303,1.846494756357264
2.47371862745094,Contemp,IIS,standard,Hundred,0.21964173331287912,0.2637107374585944,0.4363559935701191,0.6124131266576541,0.9245184790883163,1.47279560381428,1.8537951015783916
2.47766897058828,Contemp,IIS,standard,Hundred,0.219192367032768,0.26323214386972654,0.43582581302180884,0.6119110347303114,0.9243328023954669,1.4735881604854935,1.855343792910823
2.4828476960784,Contemp,IIS,standard,Hundred,0.21860415289672408,0.2626055822168862,0.4351313955941426,0.6112531152771067,0.9240890119889017,1.4746269410785446,1.857375080887408
2.50082898692821,Contemp,IIS,standard,Hundred,0.21656958518916952,0.2604375861729651,0.43272578999984107,0.608971373443259,0.9232392200183747,1.4782317462284618,1.8644370116874225
2.51589885620918,Contemp,IIS,standard,Hundred,0.21487376843198097,0.25862960991056594,0.4307162791987189,0.6070622475006557,0.9225230551154615,1.481250499888994,1.870366284521274
2.52426294117632,Contemp,IIS,standard,Hundred,0.21393622553658836,0.2576296843416735,0.42960355446621845,0.6060038911418962,0.9221240082390109,1.482925031892789,1.8736613889934728
2.54561225490192,Contemp,IIS,standard,Hundred,0.21155502666462628,0.2550888270341445,0.4267717242385386,0.6033064756933653,0.9211003904145967,1.48719623677875,1.8820858511037648
2.5786105065359,Contemp,IIS,standard,Hundred,0.20790814127586724,0.25119396146690565,0.42241848900591167,0.5991486695484598,0.9195039703140447,1.4937893802550386,1.895145764425126
2.58617191176476,Contemp,IIS,standard,Hundred,0.2070782159048316,0.25030700619995305,0.42142502421654005,0.5981978783974886,0.9191357155196719,1.4952987027801197,1.8981450162664004
2.5884365686276,Contemp,IIS,standard,Hundred,0.20683006816359933,0.2500417629139967,0.4211277739993292,0.5979132560670026,0.9190252452357663,1.495750641590347,1.8990437795791
2.61341423202608,Contemp,IIS,standard,Hundred,0.20410590400666,0.24712858847025135,0.41785830926717327,0.5947783913408159,0.9178014129653449,1.500731971009802,1.9089712523468387
2.61599460784306,Contemp,IIS,standard,Hundred,0.20382580934952427,0.24682891982569333,0.417521490963752,0.5944549894152052,0.9176744158792334,1.5012462386099112,1.9099983702965624
2.62545233660131,Contemp,IIS,standard,Hundred,0.2028013235325393,0.24573261381004619,0.4162884740854373,0.5932703643553586,0.9172080329075847,1.50313061439777,1.9137654780579054
2.63940640522869,Contemp,IIS,standard,Hundred,0.20129589947242044,0.24412100542177598,0.4144735881438301,0.5915246308265003,0.9165173234113235,1.505909286242655,1.9193305849991273
2.65737807189539,Contemp,IIS,standard,Hundred,0.19936778307989253,0.24205574655592932,0.41214376333786756,0.5892799246625516,0.9156231789411201,1.5094852364156663,1.926510377717708
2.67563540849663,Contemp,IIS,standard,Hundred,0.19742140320153678,0.23996959926576308,0.40978566108829545,0.5870037474847501,0.9147095545641682,1.5131148633450726,1.9338185959711383
2.67837111111126,Contemp,IIS,standard,Hundred,0.1971308305007489,0.23965804500171553,0.40943308032713344,0.58666304771900335,0.9145721986112229,1.5136584564695879,1.9349149102137753
2.69186665032677,Contemp,IIS,standard,Hundred,0.19570150309166898,0.23812506573731157,0.40769665827685353,0.5849837303200021,0.9138928614674511,1.5163390164309127,1.9403278911387871
2.69944856209154,Contemp,IIS,standard,Hundred,0.1949014867381224,0.2372667093576769,0.40672323679717237,0.5840412922629581,0.9135099314112475,1.5178442137424923,1.9433724056790977
2.70131459150334,Contemp,IIS,standard,Hundred,0.19470492006392387,0.237055772412082,0.40648389563988335,0.5838094554357566,0.9134155458313346,1.5182145824474462,1.9441220903803473
2.70458996732039,Contemp,IIS,standard,Hundred,0.19436020880809723,0.23668582619517278,0.40606401145634513,0.5834026275855089,0.9132497400473433,1.518864597033424,1.945438349612642
2.71690426470585,Contemp,IIS,standard,Hundred,0.19306780649874977,0.23529841987812833,0.40448793139870465,0.5818743153078018,0.9126248381084248,1.5213075118572033,1.95039118595901
2.73277120915037,Contemp,IIS,standard,Hundred,0.1914109215625744,0.23351882167636506,0.40246307533481684,0.5799079343413553,0.9118160927911347,1.5244530624882842,1.956782570588649
2.75476191176472,Contemp,IIS,standard,Hundred,0.18913015938146502,0.231067425666754,0.3996677585951788,0.5771879383621196,0.91068858757990645,1.5288086371375886,1.9656586709539852
2.75569635620921,Contemp,IIS,standard,Hundred,0.18903364474127424,0.2309636459219685,0.3995492616209249,0.577072494720288,0.9106405062515659,1.5289936147816194,1.9660363035610868
2.75626581699353,Contemp,IIS,standard,Hundred,0.1889748436872689,0.23090041685668872,0.3994770595911584,0.5770021475383396,0.9106111981385651,1.5291063381067607,1.966266455563778
2.76734220588244,Contemp,IIS,standard,Hundred,0.18783353960494226,0.22967289824709666,0.3980743900286822,0.5756346693260211,0.9100401088010213,1.531298264097449,1.9707458527290005
2.79052558823515,Contemp,IIS,standard,Hundred,0.18545961043049003,0.22711798384367635,0.3951490539389091,0.5727775308295836,0.9088384684884386,1.5358822636952967,1.9801386030178465
2.79218627450983,Contemp,IIS,standard,Hundred,0.18529033220548155,0.22693571341762894,0.39494005065997884,0.5725731291257184,0.9087520633203514,1.5362104301473494,1.9808123221603056
2.81277584967332,Contemp,IIS,standard,Hundred,0.1832001593447691,0.22468415202511072,0.39235484414460314,0.5700418250033942,0.907677143970535,1.540276922117259,1.9891751523439878
2.81398787581697,Contemp,IIS,standard,Hundred,0.18307761397787756,0.2245520885826971,0.3922030131634349,0.5698929854094575,0.9076136573465806,1.540516173835883,1.9896680100080584
2.8365361274509,Contemp,IIS,standard,Hundred,0.18080784009925038,0.2221048822253596,0.3893854775025978,0.5671274182116559,0.9064283009022892,1.5449645934156373,1.9988486005112427
2.85629253267981,Contemp,IIS,standard,Hundred,0.17883475121740172,0.21997576767198035,0.3869278638179696,0.5647095934736313,0.9053830559576744,1.5488582258419747,2.0069105495304194
2.89193870915028,Contemp,IIS,standard,Hundred,0.17531171569013382,0.21616988885122781,0.3825197737778554,0.5603597191981852,0.903481410971134,1.5558739967594037,2.0214992911627565
2.90111591503267,Contemp,IIS,standard,Hundred,0.17441240279492487,0.21519748044075226,0.3813903445582466,0.5592424502640654,0.9029885517214755,1.557678257891913,2.0252640950269885
2.90836967320246,Contemp,IIS,standard,Hundred,0.17370380827498336,0.21443103029043697,0.3804992098874934,0.5583601079570861,0.9025980416293454,1.559103794190548,2.028242411303516
2.92818754901961,Contemp,IIS,standard,Hundred,0.17177791417891938,0.21234670883250387,0.37807165762870787,0.5559528894142626,0.9015268632277978,1.5629959117753172,2.0363910189119956
2.97551315359461,Contemp,IIS,standard,Hundred,0.16723832694077195,0.20742665521890755,0.37231666581666384,0.5502246131155432,0.8989435585509278,1.5722751852609906,2.055918797575893
2.98428813725499,Contemp,IIS,standard,Hundred,0.16640582671961882,0.20652327878961296,0.3712561080447211,0.5491656250602945,0.898460649339715,1.5739933671012625,2.0595502264517025
2.98465614379076,Contemp,IIS,standard,Hundred,0.1663709762056939,0.20648545359545112,0.37121167476214945,0.5491212344809038,0.8984403702309255,1.5740654083601324,2.059702594576992
3.0014819934639,Contemp,IIS,standard,Hundred,0.16478297168776063,0.20476124729664555,0.3691839436198148,0.5470934672246291,0.8975108731639977,1.5773578660739245,2.066675363796151
3.00975109477149,Contemp,IIS,standard,Hundred,0.16400642883809355,0.20391762817631906,0.3681901577625033,0.5460982372376157,0.8970524173734595,1.5789749588027786,2.0701066326149267
3.02771558823535,Contemp,IIS,standard,Hundred,0.16232822583640075,0.2020933859798707,0.3660374123962818,0.5439391151280276,0.8960526766636031,1.5824858124584698,2.0775711981691316
3.03200330065359,Contemp,IIS,standard,Hundred,0.16192946377952588,0.20165970353108376,0.36552486455631245,0.5434243894780633,0.8958133017528034,1.5833233161315678,2.0793548812260747
3.03947158496728,Contemp,IIS,standard,Hundred,0.16123654890501182,0.20090590568641606,0.3646332773762625,0.5425284055238616,0.8953956623892052,1.5847816495327258,2.0824635761848707
3.04379705882339,Contemp,IIS,standard,Hundred,0.1608361823109064,0.20047024263228694,0.3641175640921829,0.5420097950677965,0.8951533682049423,1.5856260415944154,2.0842651699684684
3.11962441176463,Contemp,IIS,standard,Hundred,0.15393139114382784,0.1929426011021933,0.3551573559269958,0.5329570214189592,0.8908574542956597,1.600399502881667,2.115979241900779
3.11998075163386,Contemp,IIS,standard,Hundred,0.15389945137013966,0.19290771606868226,0.355115608087941,0.5329146519790733,0.8908370500897811,1.6004687987635458,2.116128864524316
3.16362215686254,Contemp,IIS,standard,Hundred,0.15002369869527377,0.1886699618662396,0.3500281154844618,0.5277378327512184,0.8883228309762204,1.608946367347697,2.134494848752024
3.16936539215693,Contemp,IIS,standard,Hundred,0.14951895800095721,0.18811739074465572,0.349362353151861,0.5270583654078155,0.8879896997462974,1.6100606633349808,2.136917954618421
3.20340080065367,Contemp,IIS,standard,Hundred,0.1465531274617416,0.18486719798711854,0.3454348532929531,0.5230403410870618,0.8860047255757326,1.616657696288911,2.1513069674614758
3.21177823529419,Contemp,IIS,standard,Hundred,0.1458297743985374,0.18407361331676547,0.34447284692320934,0.5220536108323648,0.8855133171371868,1.6182797819057917,2.1548563426701484
3.21406302287577,Contemp,IIS,standard,Hundred,0.14563294960718895,0.18385761778822146,0.344210800295757,0.5217846537809767,0.8853791007554437,1.6187220586526783,2.155824894552187
3.22428235294118,Contemp,IIS,standard,Hundred,0.14475499017094662,0.18289382608261853,0.34304041756813985,0.5205824839665933,0.8847777641890847,1.620699649510131,2.1601597669873525
3.2294314215685,Contemp,IIS,standard,Hundred,0.1443141069260242,0.18240964251591293,0.34245176104511166,0.5199772673992047,0.8844741471568046,1.6216956914629808,2.162345628200128
3.23839895424851,Contemp,IIS,standard,Hundred,0.1435486422817521,0.18156868158520917,0.3414282424494315,0.5189240379544067,0.88394436473767235,1.6234297758996246,2.166155224451815
3.27256465686274,Contemp,IIS,standard,Hundred,0.14065986636184502,0.17839127843807304,0.33754821381468614,0.514920683336359,0.8819141943572226,1.6300294706226128,2.1807013894319347
3.30296599673186,Contemp,IIS,standard,Hundred,0.13812612874489774,0.17559939388324602,0.3341216710281642,0.5113709100030942,0.8800920768802937,1.6358926211481228,2.1936872970840744
3.35757062091505,Contemp,IIS,standard,Hundred,0.13366213025581666,0.17066860840771933,0.3280286186774751,0.5050246143011914,0.8767823639011331,1.6464013651242895,2.217111959135005
3.60305343137261,Contemp,IIS,standard,Hundred,0.11497293617247525,0.14983134916801996,0.30161166206145,0.4769628057822888,0.8613164895908693,1.693292416050833,2.3240133024329013
3.74274823529389,Contemp,IIS,standard,Hundred,0.1053451349982043,0.13894496861207073,0.2872911116156885,0.46133637784082565,0.8520869988079712,1.7197188370787782,2.3860099013459557
3.79617452614371,Contemp,IIS,standard,Hundred,0.10185617300437155,0.13496772166070647,0.2819508058806387,0.4554257179884318,0.8484750208572615,1.7297762537981634,2.4099435475514275
3.8520958169934,Contemp,IIS,standard,Hundred,0.09831877279819778,0.130915119953395,0.2764420594063176,0.449277950201411,0.8446456725498231,1.740274090773606,2.4351270778983736
3.86723973856203,Contemp,IIS,standard,Hundred,0.0973809683352514,0.12983707090060065,0.2749644951253791,0.4476199364420344,0.8436000855369205,1.7431118372224266,2.441970238870289
3.9857090522877,Contemp,IIS,standard,Hundred,0.0903410087498222,0.12168934372295404,0.26361521545838945,0.43475021501185757,0.8352945237276879,1.765235488534255,2.495845751830056
4.04694062091494,Contemp,IIS,standard,Hundred,0.08690839302362846,0.11767676933453586,0.25789493949479514,0.4281684557707846,0.8309141269336211,1.7766175779610291,2.5239294932000575
4.12434205882351,Contemp,IIS,standard,Hundred,0.08277021930683565,0.11279826425802963,0.25080612125843893,0.4199168984676607,0.8252915224450532,1.7909540741833843,2.5596614755670983
4.2998518954248,Contemp,IIS,standard,Hundred,0.07421793686135841,0.10253739874983164,0.23531966610966912,0.4014887883316306,0.8121886589838401,1.823250065020589,2.641644259069968
4.31197076797379,Contemp,IIS,standard,Hundred,0.07366998172375339,0.1018699370388576,0.2342804356377595,0.40023080818410744,0.8112658061133836,1.825469207778713,2.6473542864490454
4.35435375816989,Contemp,IIS,standard,Hundred,0.07179688571411946,0.09957734007411395,0.23067654430339735,0.3958460118638808,0.8080199451402781,1.833219099843879,2.6673737384843457
4.4236201143792,Contemp,IIS,standard,Hundred,0.06888049657336409,0.09597015949120513,0.22488909821790753,0.38872917768326953,0.8026536663492726,1.845847713274347,2.70025862902761
4.47331217320243,Contemp,IIS,standard,Hundred,0.0668989473515676,0.09348905599211005,0.22081540890752505,0.38366114569359666,0.7987567983751748,1.8548792633383357,2.7239782132231727
4.55477449346426,Contemp,IIS,standard,Hundred,0.06385056078873225,0.08961454106302125,0.21427867616585367,0.3754209047644161,0.7922834199251549,1.8696339464775629,2.763093705085007
4.61108508169936,Contemp,IIS,standard,Hundred,0.06188863627952751,0.08707633859762431,0.20986288322730973,0.36977424009995447,0.7877469400518741,1.8797959551728607,2.7902998814202746
4.63418571895419,Contemp,IIS,standard,Hundred,0.06111813258199644,0.08606819075992883,0.20807565059312516,0.3674694499531663,0.7858713047540392,1.8839560003392735,2.8015004933946352
4.64974127450982,Contemp,IIS,standard,Hundred,0.06061054839354241,0.08540017673122341,0.20688012061257233,0.3659212727219744,0.7846034973326809,1.8867544229631956,2.8090557838205124
4.6657541013071,Contemp,IIS,standard,Hundred,0.06009750831962907,0.08472165075089483,0.20565613880673167,0.364330802591717,0.7832943962358967,1.8896326892254762,2.8168440971211077
4.67751285947704,Contemp,IIS,standard,Hundred,0.059726880271299854,0.08422928113705014,0.20476165084624443,0.3631649452347909,0.7823304788651831,1.8917447345182912,2.8225703772683786
4.69379122549017,Contemp,IIS,standard,Hundred,0.0592223429589116,0.08355590251401152,0.20352939858822794,0.3615538826224973,0.7809924350471812,1.8946663837444648,2.8305074821564644
4.69536823529421,Contemp,IIS,standard,Hundred,0.05917399180888894,0.08349117547194546,0.20341039365580288,0.36139798588356653,0.7808625842919767,1.8949492915115083,2.8312770189062206
4.71349879084965,Contemp,IIS,standard,Hundred,0.05862479896335088,0.08275347200649757,0.2020469487513551,0.35960794747169944,0.7793668718273945,1.8982001138707443,2.8401319477971003
4.71485441176466,Contemp,IIS,standard,Hundred,0.05858423045214112,0.08269879079276221,0.20194535373336392,0.3594742744992534,0.7792548271213312,1.8984430513286317,2.8407946015148964
4.71667253267973,Contemp,IIS,standard,Hundred,0.058529929141025394,0.08262555803724736,0.20180917372097235,0.35929503276715136,0.7791045099430095,1.8987688446523736,2.8416834589131916
4.72478728758152,Contemp,IIS,standard,Hundred,0.0582890772396184,0.08230015586358813,0.20120243332923304,0.35849554248149174,0.7784329627610984,1.9002225608087113,2.845652407174132
4.74163939542491,Contemp,IIS,standard,Hundred,0.05779677236697506,0.08163198034350239,0.19994797084630134,0.35683789955746337,0.7770349941693323,1.9032395150592984,2.8539039133871302
4.80610645424835,Contemp,IIS,standard,Hundred,0.056011639804818714,0.07917053493806259,0.19521847615459548,0.35053001957798074,0.7716453773617287,1.9147556668977372,2.8855830439598695
4.8077163562091,Contemp,IIS,standard,Hundred,0.05596905245997036,0.07911098682389872,0.1951017772345261,0.3503731732648278,0.7715099382309483,1.9150427446851943,2.886376449815952
4.82689284313722,Contemp,IIS,standard,Hundred,0.05546923325625719,0.07840886978378159,0.19371698486599698,0.34850742181148303,0.7698934692109771,1.918460389314499,2.895835789376135
4.83215043866545,Contemp,IIS,standard,Hundred,0.05533460379082816,0.0782186901283245,0.193339018584338,0.34799670849914977,0.7694492608053517,1.919396786337083,2.8984320227524836
4.83322913398704,Contemp,IIS,standard,Hundred,0.05530710998412375,0.07817979454967622,0.1932615621248347,0.3478919694902801,0.7693580686106356,1.9195888732200312,2.898964836964497
4.8399542810456,Contemp,IIS,standard,Hundred,0.0551366819921133,0.07793824668099564,0.19277935309072508,0.3472393061232838,0.7687891111863001,1.9207861915181725,2.902287812095406
4.84685153594778,Contemp,IIS,standard,Hundred,0.054963651733380414,0.07769221325941045,0.19228604735505017,0.3465705380070566,0.7682048450188115,1.9220137016229977,2.9056978588532623
4.87238524509802,Contemp,IIS,standard,Hundred,0.05433859710735711,0.0767963430835849,0.1904707868753459,0.3441000219770747,0.766035291735542,1.926553994374155,2.9183397881666364
4.92365929738578,Contemp,IIS,standard,Hundred,0.05315717001951298,0.07506844388177702,0.18687771169918305,0.3391640626389508,0.7616472683139941,1.9356524780986724,2.9438110868078624
5.01097446078433,Contemp,IIS,standard,Hundred,0.05137188485826483,0.07234442439684008,0.1809192200936447,0.3308355800949345,0.7540784960074072,1.951088485824066,2.9874480381914172
5.5012404084968,Contemp,IIS,standard,Hundred,0.04664978644924467,0.06216092766873238,0.15121157088598514,0.28587425151860935,0.7093257746063921,2.0364051694786975,3.2385864930313906
5.50610493464067,Contemp,IIS,standard,Hundred,0.04664803138967266,0.06210336307458819,0.15094869069434036,0.28544346513883695,0.7088625492498127,2.0372401752561125,3.2411304105477043
5.51432380718956,Contemp,IIS,standard,Hundred,0.04664707955192893,0.06200804575519647,0.15050596432880597,0.28471631330995123,0.7080790494192822,2.0386504468606654,3.245430817392118
5.54976998971944,Contemp,IIS,standard,Hundred,0.046671955039983115,0.061624902518180535,0.1486170730861065,0.28159011900130415,0.7046876631210768,2.04472523085464,3.2640109808465363
5.55178390522887,Contemp,IIS,standard,Hundred,0.0466747809503576,0.06160449562431447,0.14851075228624488,0.2814129808462647,0.704494376892507,2.0450700156857073,3.265068264976973
5.56004462418289,Contemp,IIS,standard,Hundred,0.0466879615585748,0.06152232235163091,0.1480757671191545,0.2806869322221455,0.7037008757194274,2.0464838548765325,3.26940688897141
5.5888773039214,Contemp,IIS,standard,Hundred,0.0467539918697043,0.061254816140941526,0.146571681460826,0.2781595860342062,0.700922774237948,2.051413510269308,3.2845732615400585
5.62763068627446,Contemp,IIS,standard,Hundred,0.04689178398698324,0.06094254698824286,0.1445847461903258,0.2747793048434086,0.6971679318880724,2.0580268208178287,3.3050146751010994
5.64060604575161,Contemp,IIS,standard,Hundred,0.0469504870357218,0.06085010953786396,0.1439283685661582,0.2736517952387425,0.6959053955865162,2.0602378695718384,3.3118733533398275
5.66778787581707,Contemp,IIS,standard,Hundred,0.047093901239739444,0.06067616810202958,0.1425677860434882,0.2712967444592195,0.6932518408795237,2.064864529864865,3.326265062177556
5.68907429738559,Contemp,IIS,standard,Hundred,0.04722552869323271,0.060558576419933785,0.14151595556449686,0.2694590420878211,0.691165594563875,2.06848278701892,3.3375576871699666
5.71276380718935,Contemp,IIS,standard,Hundred,0.047391965807511593,0.06044694252422145,0.14035948570083373,0.26742065724273184,0.688835341570533,2.072504421896364,3.3501482028617593
5.80316890522868,Contemp,IIS,standard,Hundred,0.048220266604442674,0.06020711562548642,0.13608265756150933,0.25970732036299826,0.6798603785985597,2.0878026309803324,3.3984197377758667
5.91155031045754,Contemp,IIS,standard,Hundred,0.049616676516662905,0.06030851545611271,0.13124063500779265,0.250597375314511,0.6689292613047699,2.106039670773633,3.4567554070427167
1.35450514705883,Mueller,Contemp,Base,Hundred,0.2574335556648641,0.3145743323224809,0.5244891897641966,0.7270176137904426,0.9844472381488361,1.5556820160493938,1.9915275264994632
1.44075669934652,Mueller,Contemp,Base,Hundred,0.24670908613019538,0.30240160359693613,0.5096158787155656,0.7132150194296498,0.9866261968860149,1.5947438620862755,2.049048123476319
1.49094369281044,Mueller,Contemp,Base,Hundred,0.24058108286471513,0.2954393394507546,0.5010751289256268,0.7052462016135603,0.9877923400465222,1.617735914124284,2.0838913918267252
1.61894668300656,Mueller,Contemp,Base,Hundred,0.22532528360457968,0.27808383509866313,0.47967000009586025,0.685129638074967,0.9904277745864073,1.677254433583877,2.1773363194484228
1.63705647058816,Mueller,Contemp,Base,Hundred,0.22321026726762733,0.2756750130401277,0.476685494345867,0.6823076974753783,0.9907613254336061,1.6857767972456827,2.1910877680847585
1.65279160130725,Mueller,Contemp,Base,Hundred,0.22138131149465262,0.2735914329760782,0.4741011649563102,0.6798606438042656,0.9910432278317812,1.6932021329279683,2.2031429029014333
1.66943627450985,Mueller,Contemp,Base,Hundred,0.21945546864624071,0.2713969115692341,0.471376390117017,0.6772770589713808,0.9913334186950324,1.7010773955444114,2.2160030010242937
1.67930245098057,Mueller,Contemp,Base,Hundred,0.21831820651431266,0.2701007116515629,0.4697656096378809,0.6757480179586328,0.9915015445071569,1.7057555341818578,2.22367834035515
1.69674988562072,Mueller,Contemp,Base,Hundred,0.2163148719780104,0.2678168971113919,0.46692499361478695,0.6730483955463985,0.9917917802413247,1.7140467156857409,2.2373470958722272
1.7367105228759,Mueller,Contemp,Base,Hundred,0.21176414185288003,0.26262659685957307,0.460457046096254,0.6668862577353992,0.992422440482733,1.733124565194511,2.2691135433293934
1.77993259803935,Mueller,Contemp,Base,Hundred,0.2069009202037349,0.257076034331694,0.4535208294747609,0.6602539878740866,0.9930511622166889,1.7538976869065743,2.304194026783671
1.80426348039221,Mueller,Contemp,Base,Hundred,0.20419021691076117,0.2539804326969692,0.44964350023922234,0.6565354967314946,0.9933806698462064,1.7656546255670764,2.3242715668584193
1.80886928104581,Mueller,Contemp,Base,Hundred,0.20367926892241522,0.2533967881765231,0.44891173755065017,0.6558328075886196,0.9934410652626714,1.767885320297031,2.328098957002061
1.81690638888892,Mueller,Contemp,Base,Hundred,0.20278933154423878,0.25238012073730254,0.44763649894845087,0.654607544181155,0.9935449455673171,1.7717817817973145,2.3347981287297466
1.81733524509808,Mueller,Contemp,Base,Hundred,0.20274190441517287,0.25232593582524543,0.4475685130367869,0.6545421978361213,0.9935504346346021,1.771989834677393,2.335156321781583
1.81761383986924,Mueller,Contemp,Base,Hundred,0.20271109790086378,0.25229073954380116,0.4475243511068664,0.6544997491585115,0.9935539975299437,1.7721249981482778,2.335389051699799
1.83154187908499,Mueller,Contemp,Base,Hundred,0.2011742028977616,0.2505346266885983,0.4453198052316477,0.6523793792881909,0.993729181086127,1.7788899536531844,2.3470638293472863
1.83705650326795,Mueller,Contemp,Base,Hundred,0.200567446666928,0.24984120609637467,0.44444872223930154,0.6515408248008168,0.9937969499159193,1.7815725705728571,2.351707816933808
1.83789345540248,Mueller,Contemp,Base,Hundred,0.20047544665609893,0.2497360596207615,0.4443166065026925,0.6514136062430455,0.9938071561903435,1.7819799145391193,2.3524136995380682
1.8472899183006,Mueller,Contemp,Base,Hundred,0.19944413827747692,0.24855727430501218,0.44283493749185704,0.6499862005062201,0.9939203135692322,1.7865568623151988,2.360357938017452
1.84913753267965,Mueller,Contemp,Base,Hundred,0.1992416939078189,0.24832585732484358,0.4425439433283605,0.6497057210760676,0.9939422549385533,1.7874576202613044,2.3619241716816477
1.85800158496729,Mueller,Contemp,Base,Hundred,0.19827200971165387,0.2472172920657042,0.4411494540823647,0.6483609686194077,0.9940461095928916,1.7917827160954407,2.3694573321586425
1.85900071895423,Mueller,Contemp,Base,Hundred,0.1981628708171935,0.24709251098084134,0.44099243413107136,0.6482094813576995,0.9940576694356357,1.7922706089957265,2.37030842858616
1.85990334967331,Mueller,Contemp,Base,Hundred,0.19806430144403964,0.2469798123625978,0.4408506087180927,0.6480726414427267,0.994068087247922,1.7927114438148373,2.3710776646585527
1.86171648692819,Mueller,Contemp,Base,Hundred,0.19786638333820628,0.24675351854847388,0.44056580206293533,0.6477978125494275,0.9940889406224241,1.7935971492021197,2.3726238366756007
1.86463863192046,Mueller,Contemp,Base,Hundred,0.19754763513868967,0.24638905564618546,0.4401070225094271,0.6473550104400824,0.994122343431194,1.7950251293506536,2.3751185031303166
1.87386691238947,Mueller,Contemp,Base,Hundred,0.19654284993764562,0.24524003923447382,0.43866003305350176,0.6459576420568424,0.9942261654593244,1.7995390726279812,2.3830192825251517
1.87388522875826,Mueller,Contemp,Base,Hundred,0.1965408584071405,0.24523776164126254,0.4386571638651735,0.6459548700933416,0.9942263690101616,1.7995480384511995,2.383034998040326
1.87719851307179,Mueller,Contemp,Base,Hundred,0.1961807874054724,0.24482595778555782,0.4381383337421829,0.6454535448123537,0.9942630257414834,1.8011703083495352,2.385880023584383
1.87767205882343,Mueller,Contemp,Base,Hundred,0.19612935423384176,0.24476713298904942,0.4380642105307189,0.6453819100738899,0.9942682382054182,1.8014022375609378,2.386287004016108
1.88465944444429,Mueller,Contemp,Base,Hundred,0.19537128847485086,0.24390006461578922,0.43697135291469297,0.6443253821030048,0.9943443760548033,1.804826463913812,2.392302647685681
1.88720996732039,Mueller,Contemp,Base,Hundred,0.19509497935843445,0.2435839975265586,0.4365728434059062,0.6439399520931652,0.99437180636892,1.8060773039810374,2.394503348040054
1.91407774509805,Mueller,Contemp,Base,Hundred,0.1921972309410997,0.24026840332752802,0.4323879623238376,0.6398869567748222,0.9946490215247559,1.8192843169241308,2.417844606227266
1.93705259803911,Mueller,Contemp,Base,Hundred,0.1897381098743609,0.23745338948939382,0.4288284262482189,0.6364316543625188,0.9948690589278796,1.8306217602085744,2.438033665492165
1.93846736928113,Mueller,Contemp,Base,Hundred,0.18958724485879974,0.23728065141259533,0.42860980534818693,0.6362191946589899,0.9948820960355338,1.8313212364449079,2.4392838133399173
1.93998625817003,Mueller,Contemp,Base,Hundred,0.1894253502184852,0.2370952794894573,0.42837516931181174,0.6359911399996593,0.9948960263916613,1.8320723607182394,2.440626857705433
1.94036063725474,Mueller,Contemp,Base,Hundred,0.18938545768649528,0.2370496010980645,0.4283173474577332,0.6359349350501039,0.9948994494469549,1.8322575267337027,2.4409580364596817
1.96658249999991,Mueller,Contemp,Base,Hundred,0.1866027766660107,0.23386253208138205,0.4242790153766277,0.6320046496921133,0.995128843141338,1.8452535375123038,2.464294036426452
1.97715220588239,Mueller,Contemp,Base,Hundred,0.18548748574335722,0.23258471640102613,0.42265766272482874,0.630423948221284,0.9952155319065106,1.8505070163255206,2.4737785122213927
1.98424194444446,Mueller,Contemp,Base,Hundred,0.1847414447794134,0.2317298145069568,0.4215721999942779,0.6293648186596609,0.995271819355404,1.8540356539811693,2.4801654422360366
1.99284277777766,Mueller,Contemp,Base,Hundred,0.18383860557940562,0.23069507817211823,0.42025762147190915,0.6280811791396493,0.9953380990273125,1.8583215671816333,2.4879407487643714
2.05402178104583,Mueller,Contemp,Base,Hundred,0.17748653994561725,0.22341006709928302,0.4109776224061258,0.6189894056009408,0.9957461368661702,1.8889720120778892,2.544104214069744
2.120103856209,Mueller,Contemp,Base,Hundred,0.17076322239982605,0.21568939369896412,0.40109335184136025,0.6092457073928719,0.996061945635189,1.9224021566131184,2.6064561323796673
2.21402753267968,Mueller,Contemp,Base,Hundred,0.16145353853704675,0.20498066074935256,0.3872938668243485,0.5955339056459467,0.9962875562164429,1.9704947493693454,2.698093394934069
2.21480905228742,Mueller,Contemp,Base,Hundred,0.1613772875491485,0.20489285972876986,0.3871802715041106,0.595420487758781,0.9962883339566236,1.9708977631478493,2.6988707401369547
2.23322009803908,Mueller,Contemp,Base,Hundred,0.159586757072199,0.20283066872858846,0.3845100515732758,0.5927518116859214,0.9963014066764856,1.9804055487248693,2.7172543434262746
2.23937552287584,Mueller,Contemp,Base,Hundred,0.15899060141258187,0.20214387418491048,0.3836198158561488,0.591860964017427,0.9963035309069775,1.9835901306075168,2.7234309339619145
2.2476960784315,Mueller,Contemp,Base,Hundred,0.15818672583617982,0.20121762644840874,0.38241844287352544,0.590657865261964,0.9963046129960469,1.9878994986841239,2.731804267186799
2.27922692810455,Mueller,Contemp,Base,Hundred,0.15516102220456401,0.1977297397433063,0.3778866619703253,0.5861101703759066,0.9962900468493412,2.0042782065366906,2.763787236039295
2.33500978758172,Mueller,Contemp,Base,Hundred,0.14988791515408054,0.191644960081866,0.36995002191989446,0.5781090402038983,0.996191921499409,2.033441859909086,2.821347215852597
2.35086910130735,Mueller,Contemp,Base,Hundred,0.14840736803825166,0.1899350503689695,0.3677124413420504,0.5758446485152616,0.9961471452024953,2.0417768925038957,2.837939742325786
2.35113846405218,Mueller,Contemp,Base,Hundred,0.14838229286347995,0.18990608493315364,0.36767450916551514,0.5758062285543096,0.9961463201593654,2.0419186259935223,2.8382224300190693
2.3545865522877,Mueller,Contemp,Base,Hundred,0.14806151787915425,0.18953552685637365,0.36718915535006924,0.5753145350284832,0.9961355684365023,2.0437334363738806,2.8418436615798424
2.35709545751626,Mueller,Contemp,Base,Hundred,0.1478283598439365,0.18926616395177262,0.3668362490226998,0.5749569042905444,0.9961275232209739,2.045054507054236,2.844481548434161
2.40727040849691,Mueller,Contemp,Base,Hundred,0.14320881373965091,0.1839258220064012,0.3598224011857403,0.5678288537284935,0.995927359682847,2.071575876440636,2.897766351173357
2.41444277777778,Mueller,Contemp,Base,Hundred,0.14255520336607663,0.18316968251952734,0.3588266119735003,0.5668136710411548,0.9958926365306768,2.0753828437722883,2.9054657927455882
2.45507395424834,Mueller,Contemp,Base,Hundred,0.13888435915186415,0.17892040756189292,0.35321771611107866,0.5610804218253059,0.9956670771334223,2.0970238220890027,2.949472523560899
2.47371862745094,Mueller,Contemp,Base,Hundred,0.1372180089359235,0.17698999065096488,0.3506622551636632,0.5584596532130011,0.995547155278276,2.106996833031419,2.969887904024252
2.47766897058828,Mueller,Contemp,Base,Hundred,0.13686641352164566,0.17658255600740758,0.35012229661204247,0.5579051917034396,0.9955204208371331,2.1091132975337312,2.9742313250431245
2.4828476960784,Mueller,Contemp,Base,Hundred,0.13640626225074487,0.17604926020529174,0.3494152187676862,0.5571787484244037,0.9954846708392919,2.111889706468896,2.9799348440673326
2.50082898692821,Mueller,Contemp,Base,Hundred,0.13481537481161734,0.174204917238222,0.34696704713324333,0.5546602303826361,0.9953543550741587,2.121545812364133,2.9998218517947475
2.51589885620918,Mueller,Contemp,Base,Hundred,0.13349023694954568,0.172667975339636,0.34492352810584503,0.552554039243943,0.9952377400386174,2.129657606902863,3.0165888113680914
2.52426294117632,Mueller,Contemp,Base,Hundred,0.1327579706005433,0.17181839485706812,0.34379258363258064,0.5513868482377379,0.995170104570814,2.1341673530486256,3.02593414280146
2.54561225490192,Mueller,Contemp,Base,Hundred,0.13089925811773556,0.16966101961099006,0.34091636911533285,0.548413382024158,0.9949880413612479,2.1457028586901137,3.04991536653903
2.5786105065359,Mueller,Contemp,Base,Hundred,0.12805575732903995,0.1663581041323432,0.33650052976310324,0.5438338480314738,0.9946799964603588,2.163601482501888,3.087341418881562
2.58617191176476,Mueller,Contemp,Base,Hundred,0.12740920770054237,0.1656066593994015,0.3354937452074166,0.5427872656001764,0.9946048532941663,2.1677146634773576,3.095978970065554
2.5884365686276,Mueller,Contemp,Base,Hundred,0.12721592940673532,0.16538199220976646,0.33519258011430786,0.5424740149491203,0.9945820171811622,2.168947425304098,3.098570399756147
2.61341423202608,Mueller,Contemp,Base,Hundred,0.1250953495462953,0.162916051792187,0.33188221260775086,0.5390252754414734,0.9943200415384953,2.1825701281661525,3.1272886780930484
2.61599460784306,Mueller,Contemp,Base,Hundred,0.12487744348225598,0.16266255504005506,0.3315414065699596,0.538669644063286,0.9942919211527815,2.183980186851576,3.130269754601734
2.62545233660131,Mueller,Contemp,Base,Hundred,0.12408062863171378,0.1617354315725373,0.3302941544114758,0.5373672039189591,0.9941871614882265,2.18915278455905,3.141218996366929
2.63940640522869,Mueller,Contemp,Base,Hundred,0.12291035053251624,0.16037329667378541,0.32845935812218274,0.535448545301973,0.9940277444159283,2.1967970677943125,3.157439212658905
2.65737807189539,Mueller,Contemp,Base,Hundred,0.12141253382241247,0.15862909127483918,0.3261058093545268,0.5329827085371849,0.9938139051283184,2.2066643176861827,3.1784446074948347
2.67563540849663,Mueller,Contemp,Base,Hundred,0.11990174855271167,0.1568688155665885,0.3237258181891829,0.5304837099584908,0.9935868406038664,2.2167138400255952,3.199916609361378
2.67837111111126,Mueller,Contemp,Base,Hundred,0.11967631176335373,0.1566060655522216,0.32337014963751365,0.530109780737681,0.9935519638002492,2.2182218809927243,3.2031455245849534
2.69186665032677,Mueller,Contemp,Base,Hundred,0.11856779574960584,0.15531374887479657,0.32161922775109275,0.5282671426871767,0.9933766583697404,2.2256696430578,3.2191180896649145
2.69944856209154,Mueller,Contemp,Base,Hundred,0.11794764077785946,0.1545905299292239,0.32063819460023635,0.5272333903943983,0.9932757962198696,2.229860004029684,3.2281236803991664
2.70131459150334,Mueller,Contemp,Base,Hundred,0.11779529967978129,0.15441284485942755,0.3203970390518934,0.5269791282994809,0.9932507105305192,2.2308919964250276,3.2303436372733287
2.70458996732039,Mueller,Contemp,Base,Hundred,0.11752817668957516,0.1541012572295867,0.31997402645172124,0.5265329846083628,0.9932064283338369,2.232704063745854,3.2342436283539353
2.71690426470585,Mueller,Contemp,Base,Hundred,0.11652703143320134,0.15293317654173022,0.3183868266615853,0.5248573876107692,0.9930370904485986,2.2395241994466653,3.2489447849598156
2.73277120915037,Mueller,Contemp,Base,Hundred,0.11524438614752004,0.1514359861089576,0.3163491383065945,0.5227024638086948,0.9928122562973264,2.24832911800389,3.2679769096359763
2.75476191176472,Mueller,Contemp,Base,Hundred,0.11348035480633652,0.1493756325827949,0.3135388210111921,0.5197234539385547,0.9924882811700402,2.260564248538304,3.294521414487909
2.75569635620921,Mueller,Contemp,Base,Hundred,0.1134057474215298,0.1492884600537601,0.3134197582678858,0.5195970631762328,0.9924741963504904,2.261084975835583,3.2956536605358098
2.75626581699353,Mueller,Contemp,Base,Hundred,0.11336029489104056,0.1492353512402371,0.3133472143164121,0.5195200470598295,0.9924656001830781,2.2614023457342864,3.2963438356395494
2.76734220588244,Mueller,Contemp,Base,Hundred,0.11247832712916403,0.14820462259879766,0.3119383255608863,0.5180232094136781,0.9922964827637257,2.2675803588735115,3.3097940795992704
2.79052558823515,Mueller,Contemp,Base,Hundred,0.11064534544714527,0.14606125600719838,0.30900262875130546,0.5148975062580927,0.9919307132248455,2.2805417518291544,3.338105409946024
2.79218627450983,Mueller,Contemp,Base,Hundred,0.11051472033839152,0.1459084480361666,0.30879302129179836,0.5146739803515957,0.9919038992829168,2.2814717963071467,3.3401417027036597
2.81277584967332,Mueller,Contemp,Base,Hundred,0.10890270777794267,0.1440219714801158,0.30620185616322687,0.511906833368765,0.9915646481055387,2.293020315222586,3.3654800537147502
2.81398787581697,Mueller,Contemp,Base,Hundred,0.10880824808156273,0.14391138773142603,0.3060497627956626,0.511744183521549,0.9915442851972176,2.2937011462351586,3.3669769231559625
2.8365361274509,Mueller,Contemp,Base,Hundred,0.10705972211062409,0.14186355356989497,0.303229137542967,0.5087231711442464,0.9911574994932324,2.306387762639374,3.3949318280167944
2.85629253267981,Mueller,Contemp,Base,Hundred,0.10554138988099412,0.14008400194057785,0.3007716120370213,0.5060838345810111,0.990806188155464,2.3175356949873422,3.419593148297588
2.89193870915028,Mueller,Contemp,Base,Hundred,0.10283425200954699,0.1369079825301452,0.2963702859635154,0.5013397364882926,0.9901429844367478,2.337725654441986,3.464485434806085
2.90111591503267,Mueller,Contemp,Base,Hundred,0.10214403340733719,0.1360975557773659,0.29524397388523976,0.5001221080217041,0.9899661299345901,2.3429394278596547,3.4761256122040227
2.90836967320246,Mueller,Contemp,Base,Hundred,0.1016004307902379,0.13545908620688493,0.2943557016442804,0.49916076920867547,0.9898245717336744,2.3470650298191615,3.4853500423292445
2.92818754901961,Mueller,Contemp,Base,Hundred,0.10012405530804486,0.1337241870903513,0.29193776407409455,0.4965392052025753,0.9894298528108898,2.3583571443428606,3.5106596046038177
2.97551315359461,Mueller,Contemp,Base,Hundred,0.09665050833323344,0.12963719296893836,0.2862163596455585,0.4903078298540576,0.9884400486031114,2.3854451600151476,3.571737063708345
2.98428813725499,Mueller,Contemp,Base,Hundred,0.09601452055098678,0.1288880678725513,0.2851636759521763,0.48915691621669394,0.9882492087025151,2.390486669493737,3.5831606513033334
2.98465614379076,Mueller,Contemp,Base,Hundred,0.09598790354532402,0.1288567102422887,0.28511958414676386,0.4891086797283668,0.9882411552469065,2.390698230391423,3.583640410473658
3.0014819934639,Mueller,Contemp,Base,Hundred,0.0947756725252534,0.12742808660296312,0.2831084334339734,0.4869058692036988,0.9878686405936035,2.4003822554453915,3.605633816257627
3.00975109477149,Mueller,Contemp,Base,Hundred,0.09418331971204089,0.12672964276012694,0.28212349007581006,0.4858251861110968,0.9876824847196354,2.4051494682060284,3.6164841604720315
3.02771558823535,Mueller,Contemp,Base,Hundred,0.09290416593801479,0.1252205883750138,0.2799915310377269,0.4834817181870898,0.9872710629614455,2.4155242798769896,3.6401509214624106
3.03200330065359,Mueller,Contemp,Base,Hundred,0.09260042492504433,0.12486209288417938,0.2794842635122606,0.4829232565546723,0.9871714486423716,2.418004177118788,3.645818777857705
3.03947158496728,Mueller,Contemp,Base,Hundred,0.09207281145908772,0.12423921689246817,0.27860216714920616,0.4819513359440816,0.9869966373811696,2.4223270064209794,3.655708595701972
3.04379705882339,Mueller,Contemp,Base,Hundred,0.09176806482652278,0.12387935903654587,0.2780921213585569,0.48138888525731566,0.9868946325243948,2.424832659646581,3.6614468065755306
3.11962441176463,Mueller,Contemp,Base,Hundred,0.08652533546416832,0.11767799338638943,0.2692515933596682,0.47158433604096683,0.9850161562362496,2.468991439307752,3.7632594887014856
3.11998075163386,Mueller,Contemp,Base,Hundred,0.08650114290596594,0.11764932929204538,0.269210498732544,0.47153850860805957,0.9850069253156752,2.4692000007963504,3.7637433898422055
3.16362215686254,Mueller,Contemp,Base,Hundred,0.08356971692232068,0.11417263361208649,0.26420942754402077,0.4659434799996151,0.9838478780064714,2.494816608566848,3.8233926482641416
3.16936539215693,Mueller,Contemp,Base,Hundred,0.08318858772365575,0.11372009595224133,0.2635559868923939,0.46520975826480554,0.9836911332327418,2.498198672661188,3.8312994345697904
3.20340080065367,Mueller,Contemp,Base,Hundred,0.08095213809202673,0.11106213504819329,0.2597060354067756,0.4608739468785785,0.9827421238328531,2.518293416190703,3.878428068476919
3.21177823529419,Mueller,Contemp,Base,Hundred,0.08040748407340925,0.11041416840693247,0.25876430501015124,0.4598099768072553,0.9825032574549986,2.52325317090684,3.8900995445072
3.21406302287577,Mueller,Contemp,Base,Hundred,0.08025933918256978,0.11023787694999199,0.25850786974582896,0.45952002123491653,0.982437749252368,2.5246067870985094,3.893287607706675
3.22428235294118,Mueller,Contemp,Base,Hundred,0.0795988152964508,0.1094516173370845,0.25736301271932854,0.458224282273718,0.9821428478096369,2.5306661135965243,3.9075727210301587
3.2294314215685,Mueller,Contemp,Base,Hundred,0.07926730338212609,0.10905685022130818,0.2567874821225929,0.4575721385904038,0.9819930844458229,2.5337221823173737,3.9147862355551717
3.23839895424851,Mueller,Contemp,Base,Hundred,0.07869202235852121,0.10837156091547495,0.2557872467969122,0.45643753078254745,0.9817303784689855,2.5390494473445635,3.92737457263351
3.27256465686274,Mueller,Contemp,Base,Hundred,0.07652439131449476,0.10578662085078638,0.2520008544705265,0.45212819426816625,0.9807075938789109,2.55940262268591,3.9756309818487114
3.30296599673186,Mueller,Contemp,Base,Hundred,0.07462775834219307,0.10352107563625706,0.24866419603243853,0.4483115655391452,0.9797683389164129,2.5775887512483013,4.01896436703123
3.35757062091505,Mueller,Contemp,Base,Hundred,0.07129723816538511,0.09953366021402155,0.24274811112753647,0.44149876541721134,0.9780123637119313,2.610431755996125,4.097727896392447
3.60305343137261,Mueller,Contemp,Base,Hundred,0.05753169415270212,0.08290568971056528,0.21737310794349216,0.4115428843913657,0.9690237744432396,2.7609139627608488,4.466601101485403
3.74274823529389,Mueller,Contemp,Base,Hundred,0.050580074985597134,0.07439145150610002,0.20382544740895753,0.3949870078276929,0.9631093769492434,2.84861601247066,4.687308675965559
3.79617452614371,Mueller,Contemp,Base,Hundred,0.04809051995430447,0.0713169816302659,0.19881524038701348,0.3887493355375229,0.9606941391896328,2.8825542978556866,4.7737884903027785
3.8520958169934,Mueller,Contemp,Base,Hundred,0.045584916430531974,0.06820667984272838,0.19367245885584222,0.3822761480279909,0.9580752705266927,2.918312559769238,4.865533802057181
3.86723973856203,Mueller,Contemp,Base,Hundred,0.04492401686549358,0.06738334889739339,0.19229760002239957,0.38053297613586473,0.9573500728288483,2.9280375467333655,4.890595080867865
3.9857090522877,Mueller,Contemp,Base,Hundred,0.04001328345329097,0.06122142935949526,0.18180471341543153,0.3670407264847535,0.9514417774179277,3.0047235932481065,5.089822832317793
4.04694062091494,Mueller,Contemp,Base,Hundred,0.037655470421480985,0.05823048681909021,0.17656386920029543,0.3601675559871182,0.9482245786326557,3.0447822165334344,5.195002626463534
4.12434205882351,Mueller,Contemp,Base,Hundred,0.034850867505287486,0.054638776480383344,0.17011697674040333,0.3515772256420967,0.9439983845399076,3.095831905281222,5.330110997167589
4.2998518954248,Mueller,Contemp,Base,Hundred,0.029218814842673912,0.04727661236556363,0.15623455912561485,0.33250335722838925,0.9337559611961587,3.213294795578571,5.645379071343995
4.31197076797379,Mueller,Contemp,Base,Hundred,0.028867189197616494,0.04680832415839875,0.15531369140876,0.33120705881205215,0.9330149473338958,3.221492963354713,5.667604416652555
4.35435375816989,Mueller,Contemp,Base,Hundred,0.027675315427433345,0.045211295008784624,0.15213147224497342,0.3266946237036092,0.9303891048779966,3.250252981368962,5.74579596357765
4.4236201143792,Mueller,Contemp,Base,Hundred,0.025854181951509236,0.042737543516299215,0.1470590275858727,0.3193905182636636,0.9259828146198511,3.2975526551101075,5.875135785321138
4.47331217320243,Mueller,Contemp,Base,Hundred,0.024644568107459464,0.04106701924594347,0.1435180540147421,0.3142044395841398,0.9227339026267551,3.331712935102896,5.969110931387025
4.55477449346426,Mueller,Contemp,Base,Hundred,0.0228366933835753,0.03851671458400474,0.13789035727780485,0.30580014541855416,0.9172491031445256,3.3881240581573646,6.125312109735306
4.61108508169936,Mueller,Contemp,Base,Hundred,0.021714148529220434,0.03689052328922826,0.13412887906757787,0.3000614754069427,0.9133425011616987,3.4274163113377094,6.234842315029475
4.63418571895419,Mueller,Contemp,Base,Hundred,0.021283703970353507,0.036255724365042374,0.13261620514456907,0.2977240005674464,0.9117126201356436,3.443605931620705,6.280143630824075
4.64974127450982,Mueller,Contemp,Base,Hundred,0.021003705021370556,0.035838857523335155,0.13160756914797117,0.2961554724239943,0.9106061545073771,3.4545308475876793,6.310769376133449
4.6657541013071,Mueller,Contemp,Base,Hundred,0.02072375959323841,0.035418643484715684,0.13057766586555059,0.2945454472601854,0.9094596537338342,3.4657963445540965,6.342396820890421
4.67751285947704,Mueller,Contemp,Base,Hundred,0.020523538053117074,0.03511582022018894,0.12982678845551404,0.29336613060040156,0.9086128883688628,3.4740815318878755,6.365687440873508
4.69379122549017,Mueller,Contemp,Base,Hundred,0.02025383885425075,0.03470464536943324,0.12879487142984758,0.29173769415463746,0.9074338793789556,3.4855687665539214,6.398021639558375
4.69536823529421,Mueller,Contemp,Base,Hundred,0.020228172499478614,0.034665307870270556,0.12869536867602965,0.2915801919367401,0.9073192414572206,3.486682705260507,6.4011597503825985
4.71349879084965,Mueller,Contemp,Base,Hundred,0.019938947488301106,0.034219348657521076,0.12755733127814595,0.2897726810869736,0.9059959649531037,3.499503163635524,6.437309653023293
4.71485441176466,Mueller,Contemp,Base,Hundred,0.019917755062289932,0.03418646975944584,0.12747267831624493,0.2896377745532882,0.9058966311991493,3.500462764258658,6.440017879956265
4.71667253267973,Mueller,Contemp,Base,Hundred,0.019889426938027033,0.03414247517274005,0.1273592398145108,0.2894568943170449,0.9057633218220179,3.5017499756334587,6.443651236049519
4.72478728758152,Mueller,Contemp,Base,Hundred,0.01976431198102796,0.03394753593006061,0.12685427037452063,0.2886503132480578,0.9051671293841115,3.507498239209387,6.459884038433778
4.74163939542491,Mueller,Contemp,Base,Hundred,0.01951137809108444,0.033550114511301465,0.12581256523603324,0.2869791050920827,0.9039227517307126,3.519451971246333,6.493679511242025
4.80610645424835,Mueller,Contemp,Base,Hundred,0.01862970490609317,0.03212216748467689,0.12191449800935367,0.28063378988499876,0.8990845562993488,3.565382016350139,6.624014581049609
4.8077163562091,Mueller,Contemp,Base,Hundred,0.018609430712027364,0.032088382512354074,0.12181891766123487,0.2804763020995862,0.8989621542924473,3.566533092509345,6.627290714086092
4.82689284313722,Mueller,Contemp,Base,Hundred,0.018374465509443938,0.03169297349250477,0.12068701411532301,0.27860400901884563,0.8974982305896679,3.5802595591942157,6.666394635324329
4.83215043866545,Mueller,Contemp,Base,Hundred,0.018312150709261232,0.031586828231183195,0.12037881171308645,0.27809185648792256,0.8970949598866677,3.5840278672472348,6.677141488258611
4.83322913398704,Mueller,Contemp,Base,Hundred,0.01829947766174672,0.0315651709532187,0.1203156914939259,0.2779868410461206,0.89701211972577,3.5848012697744847,6.679347780104065
4.8399542810456,Mueller,Contemp,Base,Hundred,0.018221327400594622,0.03143107297684128,0.11992303755228056,0.277332598992524,0.8964948714746519,3.5896250804215164,6.693113479859206
4.84685153594778,Mueller,Contemp,Base,Hundred,0.018142716960059646,0.03129519875719755,0.1195218930072664,0.27666247091267043,0.8959629901826316,3.5945759523531837,6.707250318901906
4.87238524509802,Mueller,Contemp,Base,Hundred,0.01786527133142707,0.030806782021421064,0.11805058366953858,0.27418920405034664,0.8939816584901296,3.61293596421024,6.759751192507667
4.92365929738578,Mueller,Contemp,Base,Hundred,0.017372676760077033,0.02989538889279908,0.11516136539055338,0.26925858206082387,0.8899444561426773,3.649955959637841,6.86596798891058
5.01097446078433,Mueller,Contemp,Base,Hundred,0.016732148181403395,0.028556588932672988,0.11044195030944509,0.2609725616945636,0.8828896923501077,3.7134629052081563,7.04927373992116
5.5012404084968,Mueller,Contemp,Base,Hundred,0.017776349244415846,0.02602886030940954,0.08863862699556169,0.21703060317058492,0.8390712711312294,4.080933461314313,8.135332990996556
5.50610493464067,Mueller,Contemp,Base,Hundred,0.017826182975950955,0.02604621935122442,0.08846223054996771,0.2166165738060032,0.8386007144182928,4.084672173619264,8.146592372271174
5.51432380718956,Mueller,Contemp,Base,Hundred,0.01791214195269153,0.02607744308494586,0.08816598264644915,0.21591803039369223,0.8378040866939487,4.09099305815751,8.165637263896775
5.54976998971944,Mueller,Contemp,Base,Hundred,0.01830822949991523,0.02623937607843252,0.08691399702884384,0.21291948643018788,0.8343454143811416,4.1183131354874325,8.248084223179845
5.55178390522887,Mueller,Contemp,Base,Hundred,0.01833197004090209,0.026249905785483807,0.08684411506061818,0.21274980893570722,0.8341477852218699,4.119868257084981,8.25278367851416
5.56004462418289,Mueller,Contemp,Base,Hundred,0.018430740455570083,0.026294592283481966,0.08655887928337713,0.2120545966773289,0.8333358851012195,4.126250348731494,8.27207702822314
5.5888773039214,Mueller,Contemp,Base,Hundred,0.018793009867369148,0.026469408053363508,0.08558104608735506,0.2096378293247514,0.8304861933196898,4.14856710221844,8.339631877541093
5.62763068627446,Mueller,Contemp,Base,Hundred,0.019322852940145296,0.02675052493674568,0.08431019506279969,0.20641339821141225,0.8266170746019881,4.178663253979388,8.430956413550394
5.64060604575161,Mueller,Contemp,Base,Hundred,0.019511254288358426,0.026856474844379474,0.08389582065196033,0.20533992123441785,0.825311650026697,4.188765812046155,8.46166825287941
5.66778787581707,Mueller,Contemp,Base,Hundred,0.019923821438276312,0.027097660582503846,0.08304585657940133,0.20310107273464395,0.8225607257585663,4.209971426424614,8.526224903074958
5.68907429738559,Mueller,Contemp,Base,Hundred,0.020263816063258,0.02730471516337718,0.08239734810914112,0.20135721514665272,0.8203911168059845,4.2266174614044,8.576987007039465
5.71276380718935,Mueller,Contemp,Base,Hundred,0.020659654962722707,0.02755391840182464,0.08169329583128226,0.19942620792799165,0.8179607461908713,4.245183675064164,8.63369357430307
5.80316890522868,Mueller,Contemp,Base,Hundred,0.02233931831546343,0.028686688620180867,0.07917750325201589,0.19215109791824364,0.8085326125147083,4.316433505405467,8.85216960453236
5.91155031045754,Mueller,Contemp,Base,Hundred,0.024706055219593126,0.03042432511514037,0.07651873841837764,0.18362593576509678,0.7969097127842442,4.402678986351898,9.118410591965088
